,plan_tier,risk_score
0,Basic,7.790262172284645
1,Enterprise,7.844457341845618
2,Pro,8.021492537313433
